<?xml version="1.0" encoding="UTF-8"?>
<java version="11.0.13" class="java.beans.XMLDecoder">
 <object class="org.eclipse.epp.internal.mpc.ui.catalog.MarketplaceInfo" id="MarketplaceInfo0">
  <void property="iuToNodeKey">
   <void method="put">
    <string>org.eclipse.swtbot.eclipse.gef</string>
    <object class="java.util.ArrayList">
     <void method="add">
      <string>https://marketplace.eclipse.org#677</string>
     </void>
    </object>
   </void>
   <void method="put">
    <string>org.eclipse.egit.gitflow.feature</string>
    <object class="java.util.ArrayList">
     <void method="add">
      <string>https://marketplace.eclipse.org#2963400</string>
     </void>
    </object>
   </void>
   <void method="put">
    <string>org.eclipse.linuxtools.rpm</string>
    <object class="java.util.ArrayList">
     <void method="add">
      <string>https://marketplace.eclipse.org#4529724</string>
     </void>
    </object>
   </void>
   <void method="put">
    <string>com.ibm.ws.appconversion_feature.weblogic</string>
    <object class="java.util.ArrayList">
     <void method="add">
      <string>https://marketplace.eclipse.org#1744378</string>
     </void>
    </object>
   </void>
   <void method="put">
    <string>dev.galasa.simbank.feature</string>
    <object class="java.util.ArrayList">
     <void method="add">
      <string>https://marketplace.eclipse.org#5128666</string>
     </void>
    </object>
   </void>
   <void method="put">
    <string>com.tulin.v8.editors.function.feature</string>
    <object class="java.util.ArrayList">
     <void method="add">
      <string>https://marketplace.eclipse.org#5466625</string>
     </void>
    </object>
   </void>
   <void method="put">
    <string>org.eclipse.swtbot</string>
    <object class="java.util.ArrayList">
     <void method="add">
      <string>https://marketplace.eclipse.org#677</string>
     </void>
    </object>
   </void>
   <void method="put">
    <string>org.eclipse.wst.xml_ui.feature</string>
    <object class="java.util.ArrayList">
     <void method="add">
      <string>https://marketplace.eclipse.org#2963400</string>
     </void>
    </object>
   </void>
   <void method="put">
    <string>de.jcup.egradle.eclipse.feature</string>
    <object class="java.util.ArrayList">
     <void method="add">
      <string>https://marketplace.eclipse.org#3071167</string>
     </void>
    </object>
   </void>
   <void method="put">
    <string>de.ovgu.featureide.antenna</string>
    <object class="java.util.ArrayList">
     <void method="add">
      <string>https://marketplace.eclipse.org#22848</string>
     </void>
    </object>
   </void>
   <void method="put">
    <string>org.agileware.natural.cucumber.feature</string>
    <object class="java.util.ArrayList">
     <void method="add">
      <string>https://marketplace.eclipse.org#2427135</string>
     </void>
    </object>
   </void>
   <void method="put">
    <string>org.eclipse.tm.terminal.connector.remote.feature</string>
    <object class="java.util.ArrayList">
     <void method="add">
      <string>https://marketplace.eclipse.org#1687099</string>
     </void>
    </object>
   </void>
   <void method="put">
    <string>org.eclipse.wst.web_ui.feature</string>
    <object class="java.util.ArrayList">
     <void method="add">
      <string>https://marketplace.eclipse.org#2963400</string>
     </void>
    </object>
   </void>
   <void method="put">
    <string>org.eclipse.egit</string>
    <object class="java.util.ArrayList">
     <void method="add">
      <string>https://marketplace.eclipse.org#2963400</string>
     </void>
    </object>
   </void>
   <void method="put">
    <string>de.ovgu.featureide.ahead</string>
    <object class="java.util.ArrayList">
     <void method="add">
      <string>https://marketplace.eclipse.org#22848</string>
     </void>
    </object>
   </void>
   <void method="put">
    <string>org.eclipse.wst.web_js_support.feature</string>
    <object class="java.util.ArrayList">
     <void method="add">
      <string>https://marketplace.eclipse.org#2963400</string>
     </void>
    </object>
   </void>
   <void method="put">
    <string>com.checkmarx.eclipse.feature</string>
    <object class="java.util.ArrayList">
     <void method="add">
      <string>https://marketplace.eclipse.org#5500275</string>
     </void>
    </object>
   </void>
   <void method="put">
    <string>com.tulin.v8.flowdesigner.feature</string>
    <object class="java.util.ArrayList">
     <void method="add">
      <string>https://marketplace.eclipse.org#5466625</string>
     </void>
    </object>
   </void>
   <void method="put">
    <string>com.ibm.ws.configmigration.tomcat_feature</string>
    <object class="java.util.ArrayList">
     <void method="add">
      <string>https://marketplace.eclipse.org#1744378</string>
     </void>
    </object>
   </void>
   <void method="put">
    <string>org.eclipse.linuxtools.docker.feature</string>
    <object class="java.util.ArrayList">
     <void method="add">
      <string>https://marketplace.eclipse.org#2706327</string>
     </void>
    </object>
   </void>
   <void method="put">
    <string>de.ovgu.featureide</string>
    <object class="java.util.ArrayList">
     <void method="add">
      <string>https://marketplace.eclipse.org#22848</string>
     </void>
    </object>
   </void>
   <void method="put">
    <string>com.jaspersoft.studio.feature</string>
    <object class="java.util.ArrayList">
     <void method="add">
      <string>https://marketplace.eclipse.org#8068</string>
     </void>
    </object>
   </void>
   <void method="put">
    <string>org.moreunit</string>
    <object class="java.util.ArrayList">
     <void method="add">
      <string>https://marketplace.eclipse.org#194</string>
     </void>
    </object>
   </void>
   <void method="put">
    <string>de.ovgu.featureide.featurehouse</string>
    <object class="java.util.ArrayList">
     <void method="add">
      <string>https://marketplace.eclipse.org#22848</string>
     </void>
    </object>
   </void>
   <void method="put">
    <string>br.ufal.ic.colligens.feature</string>
    <object class="java.util.ArrayList">
     <void method="add">
      <string>https://marketplace.eclipse.org#22848</string>
     </void>
    </object>
   </void>
   <void method="put">
    <string>DiscoEclipseFeature</string>
    <object class="java.util.ArrayList">
     <void method="add">
      <string>https://marketplace.eclipse.org#5404647</string>
     </void>
    </object>
   </void>
   <void method="put">
    <string>de.ovgu.featureide.featurecpp</string>
    <object class="java.util.ArrayList">
     <void method="add">
      <string>https://marketplace.eclipse.org#22848</string>
     </void>
    </object>
   </void>
   <void method="put">
    <string>de.ovgu.featureide.featuremodeling</string>
    <object class="java.util.ArrayList">
     <void method="add">
      <string>https://marketplace.eclipse.org#22848</string>
     </void>
    </object>
   </void>
   <void method="put">
    <string>org.eclipse.eclemma.feature</string>
    <object class="java.util.ArrayList">
     <void method="add">
      <string>https://marketplace.eclipse.org#264</string>
     </void>
    </object>
   </void>
   <void method="put">
    <string>com.tulin.v8.ide.feature</string>
    <object class="java.util.ArrayList">
     <void method="add">
      <string>https://marketplace.eclipse.org#5466625</string>
     </void>
    </object>
   </void>
   <void method="put">
    <string>org.eclipse.swtbot.eclipse</string>
    <object class="java.util.ArrayList">
     <void method="add">
      <string>https://marketplace.eclipse.org#677</string>
     </void>
    </object>
   </void>
   <void method="put">
    <string>com.tulin.v8.js.ui.feature</string>
    <object class="java.util.ArrayList">
     <void method="add">
      <string>https://marketplace.eclipse.org#5466625</string>
     </void>
    </object>
   </void>
   <void method="put">
    <string>org.eclipse.wst.json_ui.feature</string>
    <object class="java.util.ArrayList">
     <void method="add">
      <string>https://marketplace.eclipse.org#2963400</string>
     </void>
    </object>
   </void>
   <void method="put">
    <string>com.tulin.v8.editors.fn.feature</string>
    <object class="java.util.ArrayList">
     <void method="add">
      <string>https://marketplace.eclipse.org#5466625</string>
     </void>
    </object>
   </void>
   <void method="put">
    <string>dev.galasa.zos.feature</string>
    <object class="java.util.ArrayList">
     <void method="add">
      <string>https://marketplace.eclipse.org#5128666</string>
     </void>
    </object>
   </void>
   <void method="put">
    <string>org.eclipse.tm.terminal.connector.cdtserial.feature</string>
    <object class="java.util.ArrayList">
     <void method="add">
      <string>https://marketplace.eclipse.org#1687099</string>
     </void>
    </object>
   </void>
   <void method="put">
    <string>org.eclipse.cvs</string>
    <object class="java.util.ArrayList">
     <void method="add">
      <string>https://marketplace.eclipse.org#2963400</string>
     </void>
    </object>
   </void>
   <void method="put">
    <string>com.eco.bio7.ijmacroedit.feature</string>
    <object class="java.util.ArrayList">
     <void method="add">
      <string>https://marketplace.eclipse.org#3103502</string>
     </void>
    </object>
   </void>
   <void method="put">
    <string>com.tulin.v8.editors.page.feature</string>
    <object class="java.util.ArrayList">
     <void method="add">
      <string>https://marketplace.eclipse.org#5466625</string>
     </void>
    </object>
   </void>
   <void method="put">
    <string>org.eclipse.wildwebdeveloper.feature</string>
    <object class="java.util.ArrayList">
     <void method="add">
      <string>https://marketplace.eclipse.org#2963400</string>
     </void>
    </object>
   </void>
   <void method="put">
    <string>de.jcup.yamleditor</string>
    <object class="java.util.ArrayList">
     <void method="add">
      <string>https://marketplace.eclipse.org#4101183</string>
     </void>
    </object>
   </void>
   <void method="put">
    <string>org.eclipse.jdt.astview.feature</string>
    <object class="java.util.ArrayList">
     <void method="add">
      <string>https://marketplace.eclipse.org#69037</string>
     </void>
    </object>
   </void>
   <void method="put">
    <string>com.ibm.ws.appconversion_feature.tomcat</string>
    <object class="java.util.ArrayList">
     <void method="add">
      <string>https://marketplace.eclipse.org#1744378</string>
     </void>
    </object>
   </void>
   <void method="put">
    <string>org.eclipse.jdt.java18patch</string>
    <object class="java.util.ArrayList">
     <void method="add">
      <string>https://marketplace.eclipse.org#5505813</string>
     </void>
    </object>
   </void>
   <void method="put">
    <string>org.eclipse.jdt.java18patch.source</string>
    <object class="java.util.ArrayList">
     <void method="add">
      <string>https://marketplace.eclipse.org#5505813</string>
     </void>
    </object>
   </void>
   <void method="put">
    <string>org.eclipse.wst.server_adapters.feature</string>
    <object class="java.util.ArrayList">
     <void method="add">
      <string>https://marketplace.eclipse.org#2963400</string>
     </void>
    </object>
   </void>
   <void method="put">
    <string>de.ovgu.featureide.munge</string>
    <object class="java.util.ArrayList">
     <void method="add">
      <string>https://marketplace.eclipse.org#22848</string>
     </void>
    </object>
   </void>
   <void method="put">
    <string>org.testng.eclipse.maven.feature</string>
    <object class="java.util.ArrayList">
     <void method="add">
      <string>https://marketplace.eclipse.org#1549</string>
     </void>
    </object>
   </void>
   <void method="put">
    <string>com.ibm.ws.appconversion_feature.was2was</string>
    <object class="java.util.ArrayList">
     <void method="add">
      <string>https://marketplace.eclipse.org#1744378</string>
     </void>
    </object>
   </void>
   <void method="put">
    <string>org.eclipse.wildwebdeveloper.embedder.node.feature</string>
    <object class="java.util.ArrayList">
     <void method="add">
      <string>https://marketplace.eclipse.org#2963400</string>
     </void>
    </object>
   </void>
   <void method="put">
    <string>cucumber.eclipse.feature</string>
    <object class="java.util.ArrayList">
     <void method="add">
      <string>https://marketplace.eclipse.org#3759385</string>
     </void>
    </object>
   </void>
   <void method="put">
    <string>org.eclipse.pde.java18patch</string>
    <object class="java.util.ArrayList">
     <void method="add">
      <string>https://marketplace.eclipse.org#5505813</string>
     </void>
    </object>
   </void>
   <void method="put">
    <string>de.ovgu.featureide.aspectj</string>
    <object class="java.util.ArrayList">
     <void method="add">
      <string>https://marketplace.eclipse.org#22848</string>
     </void>
    </object>
   </void>
   <void method="put">
    <string>org.agileware.natural.jbehave.feature</string>
    <object class="java.util.ArrayList">
     <void method="add">
      <string>https://marketplace.eclipse.org#2427135</string>
     </void>
    </object>
   </void>
   <void method="put">
    <string>org.eclipse.swtbot.ide</string>
    <object class="java.util.ArrayList">
     <void method="add">
      <string>https://marketplace.eclipse.org#677</string>
     </void>
    </object>
   </void>
   <void method="put">
    <string>com.eco.bio7.jfxswt.feature</string>
    <object class="java.util.ArrayList">
     <void method="add">
      <string>https://marketplace.eclipse.org#3103502</string>
     </void>
    </object>
   </void>
   <void method="put">
    <string>dev.galasa.eclipse.feature</string>
    <object class="java.util.ArrayList">
     <void method="add">
      <string>https://marketplace.eclipse.org#5128666</string>
     </void>
    </object>
   </void>
   <void method="put">
    <string>com.ibm.ws.migrationtoolkit.cloud.feature</string>
    <object class="java.util.ArrayList">
     <void method="add">
      <string>https://marketplace.eclipse.org#1744378</string>
     </void>
    </object>
   </void>
   <void method="put">
    <string>com.ibm.ws.appconversion_feature.oracle</string>
    <object class="java.util.ArrayList">
     <void method="add">
      <string>https://marketplace.eclipse.org#1744378</string>
     </void>
    </object>
   </void>
   <void method="put">
    <string>de.ovgu.featureide.exampleprojects</string>
    <object class="java.util.ArrayList">
     <void method="add">
      <string>https://marketplace.eclipse.org#22848</string>
     </void>
    </object>
   </void>
   <void method="put">
    <string>com.eco.bio7.image.feature</string>
    <object class="java.util.ArrayList">
     <void method="add">
      <string>https://marketplace.eclipse.org#3103502</string>
     </void>
    </object>
   </void>
   <void method="put">
    <string>com.abapblog.adt.extension.feature</string>
    <object class="java.util.ArrayList">
     <void method="add">
      <string>https://marketplace.eclipse.org#4441477</string>
     </void>
    </object>
   </void>
   <void method="put">
    <string>com.tulin.v8.echarts.ui.feature</string>
    <object class="java.util.ArrayList">
     <void method="add">
      <string>https://marketplace.eclipse.org#5466625</string>
     </void>
    </object>
   </void>
   <void method="put">
    <string>org.eclipse.pde.java18patch.source</string>
    <object class="java.util.ArrayList">
     <void method="add">
      <string>https://marketplace.eclipse.org#5505813</string>
     </void>
    </object>
   </void>
   <void method="put">
    <string>org.eclipse.tips.feature</string>
    <object class="java.util.ArrayList">
     <void method="add">
      <string>https://marketplace.eclipse.org#2963400</string>
     </void>
    </object>
   </void>
   <void method="put">
    <string>org.eclipse.wst.xsl.feature</string>
    <object class="java.util.ArrayList">
     <void method="add">
      <string>https://marketplace.eclipse.org#2963400</string>
     </void>
    </object>
   </void>
   <void method="put">
    <string>com.ibm.ws.appconversion_feature.jboss</string>
    <object class="java.util.ArrayList">
     <void method="add">
      <string>https://marketplace.eclipse.org#1744378</string>
     </void>
    </object>
   </void>
   <void method="put">
    <string>com.tulin.v8.tern.feature</string>
    <object class="java.util.ArrayList">
     <void method="add">
      <string>https://marketplace.eclipse.org#5466625</string>
     </void>
    </object>
   </void>
   <void method="put">
    <string>de.jcup.jenkinseditor.feature</string>
    <object class="java.util.ArrayList">
     <void method="add">
      <string>https://marketplace.eclipse.org#3680354</string>
     </void>
    </object>
   </void>
   <void method="put">
    <string>org.eclipse.tm.terminal.feature</string>
    <object class="java.util.ArrayList">
     <void method="add">
      <string>https://marketplace.eclipse.org#2963400</string>
     </void>
     <void method="add">
      <string>https://marketplace.eclipse.org#1687099</string>
     </void>
    </object>
   </void>
   <void method="put">
    <string>com.tulin.v8.swt.chromium.feature</string>
    <object class="java.util.ArrayList">
     <void method="add">
      <string>https://marketplace.eclipse.org#5466625</string>
     </void>
    </object>
   </void>
   <void method="put">
    <string>de.ovgu.featureide.munge.android</string>
    <object class="java.util.ArrayList">
     <void method="add">
      <string>https://marketplace.eclipse.org#22848</string>
     </void>
    </object>
   </void>
   <void method="put">
    <string>org.moreunit.light</string>
    <object class="java.util.ArrayList">
     <void method="add">
      <string>https://marketplace.eclipse.org#194</string>
     </void>
    </object>
   </void>
   <void method="put">
    <string>org.eclipse.wst.server_ui.feature</string>
    <object class="java.util.ArrayList">
     <void method="add">
      <string>https://marketplace.eclipse.org#2963400</string>
     </void>
    </object>
   </void>
   <void method="put">
    <string>AngularDevToolFeature</string>
    <object class="java.util.ArrayList">
     <void method="add">
      <string>https://marketplace.eclipse.org#4663327</string>
     </void>
    </object>
   </void>
   <void method="put">
    <string>zipeditor</string>
    <object class="java.util.ArrayList">
     <void method="add">
      <string>https://marketplace.eclipse.org#1760305</string>
     </void>
    </object>
   </void>
   <void method="put">
    <string>com.codeaffine.archive.feature</string>
    <object class="java.util.ArrayList">
     <void method="add">
      <string>https://marketplace.eclipse.org#1954981</string>
     </void>
    </object>
   </void>
   <void method="put">
    <string>org.testng.eclipse</string>
    <object class="java.util.ArrayList">
     <void method="add">
      <string>https://marketplace.eclipse.org#1549</string>
     </void>
    </object>
   </void>
   <void method="put">
    <string>org.moreunit.mock</string>
    <object class="java.util.ArrayList">
     <void method="add">
      <string>https://marketplace.eclipse.org#194</string>
     </void>
    </object>
   </void>
   <void method="put">
    <string>com.tulin.v8.dbviewer.feature</string>
    <object class="java.util.ArrayList">
     <void method="add">
      <string>https://marketplace.eclipse.org#5466625</string>
     </void>
    </object>
   </void>
   <void method="put">
    <string>com.tulin.v8.ureport.feature</string>
    <object class="java.util.ArrayList">
     <void method="add">
      <string>https://marketplace.eclipse.org#5466625</string>
     </void>
    </object>
   </void>
   <void method="put">
    <string>org.eclipse.linuxtools.docker.editor.ls.feature</string>
    <object class="java.util.ArrayList">
     <void method="add">
      <string>https://marketplace.eclipse.org#2706327</string>
     </void>
    </object>
   </void>
  </void>
  <void property="nodeKeyToIU">
   <void method="put">
    <string>https://marketplace.eclipse.org#4529724</string>
    <object class="java.util.ArrayList">
     <void method="add">
      <string>org.eclipse.linuxtools.rpm</string>
     </void>
    </object>
   </void>
   <void method="put">
    <string>https://marketplace.eclipse.org#194</string>
    <object class="java.util.ArrayList">
     <void method="add">
      <string>org.moreunit</string>
     </void>
     <void method="add">
      <string>org.moreunit.mock</string>
     </void>
     <void method="add">
      <string>org.moreunit.light</string>
     </void>
    </object>
   </void>
   <void method="put">
    <string>https://marketplace.eclipse.org#2427135</string>
    <object class="java.util.ArrayList">
     <void method="add">
      <string>org.agileware.natural.cucumber.feature</string>
     </void>
     <void method="add">
      <string>org.agileware.natural.jbehave.feature</string>
     </void>
    </object>
   </void>
   <void method="put">
    <string>https://marketplace.eclipse.org#4663327</string>
    <object class="java.util.ArrayList">
     <void method="add">
      <string>AngularDevToolFeature</string>
     </void>
    </object>
   </void>
   <void method="put">
    <string>https://marketplace.eclipse.org#1760305</string>
    <object class="java.util.ArrayList">
     <void method="add">
      <string>zipeditor</string>
     </void>
    </object>
   </void>
   <void method="put">
    <string>https://marketplace.eclipse.org#5500275</string>
    <object class="java.util.ArrayList">
     <void method="add">
      <string>com.checkmarx.eclipse.feature</string>
     </void>
    </object>
   </void>
   <void method="put">
    <string>https://marketplace.eclipse.org#69037</string>
    <object class="java.util.ArrayList">
     <void method="add">
      <string>org.eclipse.jdt.astview.feature</string>
     </void>
    </object>
   </void>
   <void method="put">
    <string>https://marketplace.eclipse.org#22848</string>
    <object class="java.util.ArrayList">
     <void method="add">
      <string>de.ovgu.featureide</string>
     </void>
     <void method="add">
      <string>de.ovgu.featureide.antenna</string>
     </void>
     <void method="add">
      <string>de.ovgu.featureide.aspectj</string>
     </void>
     <void method="add">
      <string>de.ovgu.featureide.exampleprojects</string>
     </void>
     <void method="add">
      <string>de.ovgu.featureide.featurecpp</string>
     </void>
     <void method="add">
      <string>de.ovgu.featureide.featurehouse</string>
     </void>
     <void method="add">
      <string>de.ovgu.featureide.featuremodeling</string>
     </void>
     <void method="add">
      <string>de.ovgu.featureide.munge</string>
     </void>
     <void method="add">
      <string>de.ovgu.featureide.ahead</string>
     </void>
     <void method="add">
      <string>de.ovgu.featureide.munge.android</string>
     </void>
     <void method="add">
      <string>br.ufal.ic.colligens.feature</string>
     </void>
    </object>
   </void>
   <void method="put">
    <string>https://marketplace.eclipse.org#3680354</string>
    <object class="java.util.ArrayList">
     <void method="add">
      <string>de.jcup.jenkinseditor.feature</string>
     </void>
    </object>
   </void>
   <void method="put">
    <string>https://marketplace.eclipse.org#677</string>
    <object class="java.util.ArrayList">
     <void method="add">
      <string>org.eclipse.swtbot</string>
     </void>
     <void method="add">
      <string>org.eclipse.swtbot.eclipse</string>
     </void>
     <void method="add">
      <string>org.eclipse.swtbot.eclipse.gef</string>
     </void>
     <void method="add">
      <string>org.eclipse.swtbot.ide</string>
     </void>
    </object>
   </void>
   <void method="put">
    <string>https://marketplace.eclipse.org#2963400</string>
    <object class="java.util.ArrayList">
     <void method="add">
      <string>org.eclipse.wst.web_ui.feature</string>
     </void>
     <void method="add">
      <string>org.eclipse.wst.web_js_support.feature</string>
     </void>
     <void method="add">
      <string>org.eclipse.wst.xml_ui.feature</string>
     </void>
     <void method="add">
      <string>org.eclipse.wst.xsl.feature</string>
     </void>
     <void method="add">
      <string>org.eclipse.wildwebdeveloper.feature</string>
     </void>
     <void method="add">
      <string>org.eclipse.wildwebdeveloper.embedder.node.feature</string>
     </void>
     <void method="add">
      <string>org.eclipse.wst.server_ui.feature</string>
     </void>
     <void method="add">
      <string>org.eclipse.wst.server_adapters.feature</string>
     </void>
     <void method="add">
      <string>org.eclipse.tm.terminal.feature</string>
     </void>
     <void method="add">
      <string>org.eclipse.tips.feature</string>
     </void>
     <void method="add">
      <string>org.eclipse.egit</string>
     </void>
     <void method="add">
      <string>org.eclipse.egit.gitflow.feature</string>
     </void>
     <void method="add">
      <string>org.eclipse.cvs</string>
     </void>
     <void method="add">
      <string>org.eclipse.wst.json_ui.feature</string>
     </void>
    </object>
   </void>
   <void method="put">
    <string>https://marketplace.eclipse.org#1954981</string>
    <object class="java.util.ArrayList">
     <void method="add">
      <string>com.codeaffine.archive.feature</string>
     </void>
    </object>
   </void>
   <void method="put">
    <string>https://marketplace.eclipse.org#3759385</string>
    <object class="java.util.ArrayList">
     <void method="add">
      <string>cucumber.eclipse.feature</string>
     </void>
    </object>
   </void>
   <void method="put">
    <string>https://marketplace.eclipse.org#5128666</string>
    <object class="java.util.ArrayList">
     <void method="add">
      <string>dev.galasa.eclipse.feature</string>
     </void>
     <void method="add">
      <string>dev.galasa.zos.feature</string>
     </void>
     <void method="add">
      <string>dev.galasa.simbank.feature</string>
     </void>
    </object>
   </void>
   <void method="put">
    <string>https://marketplace.eclipse.org#5505813</string>
    <object class="java.util.ArrayList">
     <void method="add">
      <string>org.eclipse.pde.java18patch</string>
     </void>
     <void method="add">
      <string>org.eclipse.jdt.java18patch</string>
     </void>
     <void method="add">
      <string>org.eclipse.pde.java18patch.source</string>
     </void>
     <void method="add">
      <string>org.eclipse.jdt.java18patch.source</string>
     </void>
    </object>
   </void>
   <void method="put">
    <string>https://marketplace.eclipse.org#3103502</string>
    <object class="java.util.ArrayList">
     <void method="add">
      <string>com.eco.bio7.image.feature</string>
     </void>
     <void method="add">
      <string>com.eco.bio7.ijmacroedit.feature</string>
     </void>
     <void method="add">
      <string>com.eco.bio7.jfxswt.feature</string>
     </void>
    </object>
   </void>
   <void method="put">
    <string>https://marketplace.eclipse.org#5466625</string>
    <object class="java.util.ArrayList">
     <void method="add">
      <string>com.tulin.v8.ide.feature</string>
     </void>
     <void method="add">
      <string>com.tulin.v8.echarts.ui.feature</string>
     </void>
     <void method="add">
      <string>com.tulin.v8.editors.fn.feature</string>
     </void>
     <void method="add">
      <string>com.tulin.v8.editors.function.feature</string>
     </void>
     <void method="add">
      <string>com.tulin.v8.flowdesigner.feature</string>
     </void>
     <void method="add">
      <string>com.tulin.v8.editors.page.feature</string>
     </void>
     <void method="add">
      <string>com.tulin.v8.tern.feature</string>
     </void>
     <void method="add">
      <string>com.tulin.v8.dbviewer.feature</string>
     </void>
     <void method="add">
      <string>com.tulin.v8.swt.chromium.feature</string>
     </void>
     <void method="add">
      <string>com.tulin.v8.ureport.feature</string>
     </void>
     <void method="add">
      <string>com.tulin.v8.js.ui.feature</string>
     </void>
    </object>
   </void>
   <void method="put">
    <string>https://marketplace.eclipse.org#4441477</string>
    <object class="java.util.ArrayList">
     <void method="add">
      <string>com.abapblog.adt.extension.feature</string>
     </void>
    </object>
   </void>
   <void method="put">
    <string>https://marketplace.eclipse.org#8068</string>
    <object class="java.util.ArrayList">
     <void method="add">
      <string>com.jaspersoft.studio.feature</string>
     </void>
    </object>
   </void>
   <void method="put">
    <string>https://marketplace.eclipse.org#264</string>
    <object class="java.util.ArrayList">
     <void method="add">
      <string>org.eclipse.eclemma.feature</string>
     </void>
    </object>
   </void>
   <void method="put">
    <string>https://marketplace.eclipse.org#2706327</string>
    <object class="java.util.ArrayList">
     <void method="add">
      <string>org.eclipse.linuxtools.docker.feature</string>
     </void>
     <void method="add">
      <string>org.eclipse.linuxtools.docker.editor.ls.feature</string>
     </void>
    </object>
   </void>
   <void method="put">
    <string>https://marketplace.eclipse.org#1549</string>
    <object class="java.util.ArrayList">
     <void method="add">
      <string>org.testng.eclipse</string>
     </void>
     <void method="add">
      <string>org.testng.eclipse.maven.feature</string>
     </void>
    </object>
   </void>
   <void method="put">
    <string>https://marketplace.eclipse.org#3071167</string>
    <object class="java.util.ArrayList">
     <void method="add">
      <string>de.jcup.egradle.eclipse.feature</string>
     </void>
    </object>
   </void>
   <void method="put">
    <string>https://marketplace.eclipse.org#4101183</string>
    <object class="java.util.ArrayList">
     <void method="add">
      <string>de.jcup.yamleditor</string>
     </void>
    </object>
   </void>
   <void method="put">
    <string>https://marketplace.eclipse.org#5404647</string>
    <object class="java.util.ArrayList">
     <void method="add">
      <string>DiscoEclipseFeature</string>
     </void>
    </object>
   </void>
   <void method="put">
    <string>https://marketplace.eclipse.org#1687099</string>
    <object class="java.util.ArrayList">
     <void method="add">
      <string>org.eclipse.tm.terminal.feature</string>
     </void>
     <void method="add">
      <string>org.eclipse.tm.terminal.connector.cdtserial.feature</string>
     </void>
     <void method="add">
      <string>org.eclipse.tm.terminal.connector.remote.feature</string>
     </void>
    </object>
   </void>
   <void method="put">
    <string>https://marketplace.eclipse.org#1744378</string>
    <object class="java.util.ArrayList">
     <void method="add">
      <string>com.ibm.ws.migrationtoolkit.cloud.feature</string>
     </void>
     <void method="add">
      <string>com.ibm.ws.appconversion_feature.was2was</string>
     </void>
     <void method="add">
      <string>com.ibm.ws.appconversion_feature.tomcat</string>
     </void>
     <void method="add">
      <string>com.ibm.ws.configmigration.tomcat_feature</string>
     </void>
     <void method="add">
      <string>com.ibm.ws.appconversion_feature.jboss</string>
     </void>
     <void method="add">
      <string>com.ibm.ws.appconversion_feature.oracle</string>
     </void>
     <void method="add">
      <string>com.ibm.ws.appconversion_feature.weblogic</string>
     </void>
    </object>
   </void>
  </void>
 </object>
</java>
